[{"model": "admin.logentry", "pk": 1, "fields": {"action_time": "2023-12-06T10:07:58.254Z", "user": 1, "content_type": 8, "object_id": "1", "object_repr": "Global Side", "action_flag": 1, "change_message": "[{\"added\": {}}]"}}, {"model": "admin.logentry", "pk": 2, "fields": {"action_time": "2023-12-06T10:08:13.483Z", "user": 1, "content_type": 8, "object_id": "2", "object_repr": "Global Top", "action_flag": 1, "change_message": "[{\"added\": {}}]"}}, {"model": "admin.logentry", "pk": 3, "fields": {"action_time": "2023-12-06T10:08:15.478Z", "user": 1, "content_type": 12, "object_id": "1", "object_repr": "Hoşgeldiniz", "action_flag": 1, "change_message": "[{\"added\": {}}, {\"added\": {\"name\": \"homepage-image relationship\", \"object\": \"HomePage_images object (1)\"}}, {\"added\": {\"name\": \"homepage-image relationship\", \"object\": \"HomePage_images object (2)\"}}]"}}, {"model": "admin.logentry", "pk": 4, "fields": {"action_time": "2023-12-06T10:10:32.672Z", "user": 1, "content_type": 10, "object_id": "1", "object_repr": "Hakkımızda", "action_flag": 1, "change_message": "[{\"added\": {}}, {\"added\": {\"name\": \"page-image relationship\", \"object\": \"Page_images object (1)\"}}]"}}, {"model": "admin.logentry", "pk": 5, "fields": {"action_time": "2023-12-06T10:10:43.129Z", "user": 1, "content_type": 10, "object_id": "1", "object_repr": "Hakkımızda", "action_flag": 2, "change_message": "[{\"changed\": {\"fields\": [\"Language\"]}}]"}}, {"model": "admin.logentry", "pk": 6, "fields": {"action_time": "2023-12-06T10:11:05.329Z", "user": 1, "content_type": 11, "object_id": "1", "object_repr": "Hakkımızda", "action_flag": 1, "change_message": "[{\"added\": {}}]"}}, {"model": "admin.logentry", "pk": 7, "fields": {"action_time": "2023-12-06T10:11:34.104Z", "user": 1, "content_type": 10, "object_id": "1", "object_repr": "Hakkımızda", "action_flag": 2, "change_message": "[{\"deleted\": {\"name\": \"page-image relationship\", \"object\": \"Page_images object (None)\"}}]"}}, {"model": "admin.logentry", "pk": 8, "fields": {"action_time": "2023-12-06T10:11:37.766Z", "user": 1, "content_type": 10, "object_id": "1", "object_repr": "Hakkımızda", "action_flag": 2, "change_message": "[{\"changed\": {\"fields\": [\"image\"]}}]"}}, {"model": "admin.logentry", "pk": 9, "fields": {"action_time": "2023-12-06T10:12:39.433Z", "user": 1, "content_type": 10, "object_id": "1", "object_repr": "Hakkımızda", "action_flag": 2, "change_message": "[{\"added\": {\"name\": \"page-image relationship\", \"object\": \"Page_images object (2)\"}}]"}}, {"model": "admin.logentry", "pk": 10, "fields": {"action_time": "2023-12-06T10:13:14.119Z", "user": 1, "content_type": 10, "object_id": "1", "object_repr": "Hakkımızda", "action_flag": 2, "change_message": "[{\"changed\": {\"name\": \"page-image relationship\", \"object\": \"Page_images object (2)\", \"fields\": [\"Image\"]}}]"}}, {"model": "admin.logentry", "pk": 11, "fields": {"action_time": "2023-12-06T10:14:22.140Z", "user": 1, "content_type": 10, "object_id": "1", "object_repr": "Hakkımızda", "action_flag": 2, "change_message": "[{\"changed\": {\"fields\": [\"Page URL\"]}}]"}}, {"model": "admin.logentry", "pk": 12, "fields": {"action_time": "2023-12-06T10:15:13.487Z", "user": 1, "content_type": 11, "object_id": "1", "object_repr": "Hakkımızda", "action_flag": 3, "change_message": ""}}, {"model": "admin.logentry", "pk": 13, "fields": {"action_time": "2023-12-06T10:15:23.908Z", "user": 1, "content_type": 11, "object_id": "2", "object_repr": "Hakkımızda", "action_flag": 1, "change_message": "[{\"added\": {}}]"}}, {"model": "admin.logentry", "pk": 14, "fields": {"action_time": "2023-12-06T10:18:08.313Z", "user": 1, "content_type": 8, "object_id": "3", "object_repr": "Dryed", "action_flag": 1, "change_message": "[{\"added\": {}}]"}}, {"model": "admin.logentry", "pk": 15, "fields": {"action_time": "2023-12-06T10:18:37.848Z", "user": 1, "content_type": 7, "object_id": "1", "object_repr": "Kurutulmuş Gıdalar", "action_flag": 1, "change_message": "[{\"added\": {}}]"}}, {"model": "admin.logentry", "pk": 16, "fields": {"action_time": "2023-12-06T10:19:49.207Z", "user": 1, "content_type": 7, "object_id": "1", "object_repr": "Kurutulmuş Gıdalar", "action_flag": 2, "change_message": "[{\"changed\": {\"fields\": [\"Category Description\"]}}]"}}, {"model": "admin.logentry", "pk": 17, "fields": {"action_time": "2023-12-06T10:21:27.151Z", "user": 1, "content_type": 7, "object_id": "1", "object_repr": "Kurutulmuş Gıdalar", "action_flag": 2, "change_message": "[{\"changed\": {\"fields\": [\"Slug\"]}}]"}}, {"model": "admin.logentry", "pk": 18, "fields": {"action_time": "2023-12-06T10:21:47.127Z", "user": 1, "content_type": 14, "object_id": "1", "object_repr": "Kuzu Gobegi mantari", "action_flag": 1, "change_message": "[{\"added\": {}}]"}}, {"model": "admin.logentry", "pk": 19, "fields": {"action_time": "2023-12-06T10:21:59.745Z", "user": 1, "content_type": 14, "object_id": "1", "object_repr": "Kuzu Gobegi mantari", "action_flag": 2, "change_message": "[{\"changed\": {\"fields\": [\"Language\"]}}]"}}, {"model": "admin.logentry", "pk": 20, "fields": {"action_time": "2023-12-06T10:22:15.213Z", "user": 1, "content_type": 14, "object_id": "2", "object_repr": "Porcini", "action_flag": 1, "change_message": "[{\"added\": {}}]"}}, {"model": "admin.logentry", "pk": 21, "fields": {"action_time": "2023-12-06T10:22:32.127Z", "user": 1, "content_type": 14, "object_id": "3", "object_repr": "Trompet Mantari", "action_flag": 1, "change_message": "[{\"added\": {}}]"}}, {"model": "admin.logentry", "pk": 22, "fields": {"action_time": "2023-12-06T10:22:52.396Z", "user": 1, "content_type": 14, "object_id": "4", "object_repr": "Nohut", "action_flag": 1, "change_message": "[{\"added\": {}}]"}}, {"model": "admin.logentry", "pk": 23, "fields": {"action_time": "2023-12-06T10:23:05.659Z", "user": 1, "content_type": 14, "object_id": "5", "object_repr": "Mercimek", "action_flag": 1, "change_message": "[{\"added\": {}}]"}}, {"model": "admin.logentry", "pk": 24, "fields": {"action_time": "2023-12-06T10:23:22.536Z", "user": 1, "content_type": 14, "object_id": "6", "object_repr": "Kuru Domates", "action_flag": 1, "change_message": "[{\"added\": {}}]"}}, {"model": "admin.logentry", "pk": 25, "fields": {"action_time": "2023-12-06T10:23:33.503Z", "user": 1, "content_type": 7, "object_id": "1", "object_repr": "Kuru & Kurutulmuş Gıdalar", "action_flag": 2, "change_message": "[{\"changed\": {\"fields\": [\"Title\"]}}]"}}, {"model": "admin.logentry", "pk": 26, "fields": {"action_time": "2023-12-06T10:23:42.111Z", "user": 1, "content_type": 7, "object_id": "1", "object_repr": "Kuru & Kurutulmuş Gıdalar", "action_flag": 2, "change_message": "[{\"changed\": {\"fields\": [\"Slug\"]}}]"}}, {"model": "admin.logentry", "pk": 27, "fields": {"action_time": "2023-12-06T10:28:28.395Z", "user": 1, "content_type": 7, "object_id": "1", "object_repr": "Kuru & Kurutulmuş Gıdalar", "action_flag": 2, "change_message": "[]"}}, {"model": "admin.logentry", "pk": 28, "fields": {"action_time": "2023-12-06T10:44:15.624Z", "user": 1, "content_type": 7, "object_id": "1", "object_repr": "Kuru Gıdalar", "action_flag": 2, "change_message": "[{\"changed\": {\"fields\": [\"Title\", \"Slug\"]}}]"}}, {"model": "admin.logentry", "pk": 29, "fields": {"action_time": "2023-12-06T10:51:09.623Z", "user": 1, "content_type": 7, "object_id": "1", "object_repr": "Kuru Gıdalar", "action_flag": 2, "change_message": "[{\"changed\": {\"fields\": [\"Category Description\"]}}]"}}, {"model": "admin.logentry", "pk": 30, "fields": {"action_time": "2023-12-06T11:08:44.634Z", "user": 1, "content_type": 8, "object_id": "4", "object_repr": "grains", "action_flag": 1, "change_message": "[{\"added\": {}}]"}}, {"model": "admin.logentry", "pk": 31, "fields": {"action_time": "2023-12-06T11:08:50.883Z", "user": 1, "content_type": 7, "object_id": "2", "object_repr": "Atistirmalik", "action_flag": 1, "change_message": "[{\"added\": {}}]"}}, {"model": "admin.logentry", "pk": 32, "fields": {"action_time": "2023-12-06T11:10:21.687Z", "user": 1, "content_type": 14, "object_id": "7", "object_repr": "Leblebi", "action_flag": 1, "change_message": "[{\"added\": {}}]"}}, {"model": "admin.logentry", "pk": 33, "fields": {"action_time": "2023-12-06T11:10:35.948Z", "user": 1, "content_type": 14, "object_id": "8", "object_repr": "Kuruyemiş", "action_flag": 1, "change_message": "[{\"added\": {}}]"}}, {"model": "admin.logentry", "pk": 34, "fields": {"action_time": "2023-12-06T11:10:56.540Z", "user": 1, "content_type": 14, "object_id": "9", "object_repr": "Antep Fıstığı", "action_flag": 1, "change_message": "[{\"added\": {}}]"}}, {"model": "admin.logentry", "pk": 35, "fields": {"action_time": "2023-12-06T11:11:14.448Z", "user": 1, "content_type": 14, "object_id": "10", "object_repr": "Fındık", "action_flag": 1, "change_message": "[{\"added\": {}}]"}}, {"model": "admin.logentry", "pk": 36, "fields": {"action_time": "2023-12-06T11:13:58.295Z", "user": 1, "content_type": 14, "object_id": "11", "object_repr": "Ceviz", "action_flag": 1, "change_message": "[{\"added\": {}}]"}}, {"model": "admin.logentry", "pk": 37, "fields": {"action_time": "2023-12-06T11:14:24.664Z", "user": 1, "content_type": 14, "object_id": "12", "object_repr": "Badem", "action_flag": 1, "change_message": "[{\"added\": {}}]"}}, {"model": "admin.logentry", "pk": 38, "fields": {"action_time": "2023-12-06T11:14:41.378Z", "user": 1, "content_type": 14, "object_id": "13", "object_repr": "İncir", "action_flag": 1, "change_message": "[{\"added\": {}}]"}}, {"model": "admin.logentry", "pk": 39, "fields": {"action_time": "2023-12-06T11:14:55.194Z", "user": 1, "content_type": 14, "object_id": "14", "object_repr": "Kayısı", "action_flag": 1, "change_message": "[{\"added\": {}}]"}}, {"model": "admin.logentry", "pk": 40, "fields": {"action_time": "2023-12-06T11:15:10.191Z", "user": 1, "content_type": 14, "object_id": "15", "object_repr": "Üzüm", "action_flag": 1, "change_message": "[{\"added\": {}}]"}}, {"model": "admin.logentry", "pk": 41, "fields": {"action_time": "2023-12-06T11:26:06.552Z", "user": 1, "content_type": 7, "object_id": "2", "object_repr": "Atıştırmalık", "action_flag": 2, "change_message": "[{\"changed\": {\"fields\": [\"Title\"]}}]"}}, {"model": "admin.logentry", "pk": 42, "fields": {"action_time": "2023-12-06T12:57:06.839Z", "user": 1, "content_type": 8, "object_id": "5", "object_repr": "Domatesli", "action_flag": 1, "change_message": "[{\"added\": {}}]"}}, {"model": "admin.logentry", "pk": 43, "fields": {"action_time": "2023-12-06T12:57:08.835Z", "user": 1, "content_type": 7, "object_id": "3", "object_repr": "Salça & Sos", "action_flag": 1, "change_message": "[{\"added\": {}}]"}}, {"model": "admin.logentry", "pk": 44, "fields": {"action_time": "2023-12-06T12:57:43.526Z", "user": 1, "content_type": 8, "object_id": "6", "object_repr": "Spices", "action_flag": 1, "change_message": "[{\"added\": {}}]"}}, {"model": "admin.logentry", "pk": 45, "fields": {"action_time": "2023-12-06T12:57:44.963Z", "user": 1, "content_type": 7, "object_id": "4", "object_repr": "Baharatlar", "action_flag": 1, "change_message": "[{\"added\": {}}]"}}, {"model": "admin.logentry", "pk": 46, "fields": {"action_time": "2023-12-06T12:58:20.742Z", "user": 1, "content_type": 8, "object_id": "7", "object_repr": "Sirke", "action_flag": 1, "change_message": "[{\"added\": {}}]"}}, {"model": "admin.logentry", "pk": 47, "fields": {"action_time": "2023-12-06T12:58:22.207Z", "user": 1, "content_type": 7, "object_id": "5", "object_repr": "Sirkeler", "action_flag": 1, "change_message": "[{\"added\": {}}]"}}, {"model": "admin.logentry", "pk": 48, "fields": {"action_time": "2023-12-06T12:59:04.828Z", "user": 1, "content_type": 8, "object_id": "8", "object_repr": "paste", "action_flag": 1, "change_message": "[{\"added\": {}}]"}}, {"model": "admin.logentry", "pk": 49, "fields": {"action_time": "2023-12-06T12:59:06.689Z", "user": 1, "content_type": 7, "object_id": "6", "object_repr": "Ezmeler", "action_flag": 1, "change_message": "[{\"added\": {}}]"}}, {"model": "admin.logentry", "pk": 50, "fields": {"action_time": "2023-12-06T12:59:21.416Z", "user": 1, "content_type": 7, "object_id": "2", "object_repr": "Atıştırmalıklar", "action_flag": 2, "change_message": "[{\"changed\": {\"fields\": [\"Title\", \"Slug\"]}}]"}}, {"model": "admin.logentry", "pk": 51, "fields": {"action_time": "2023-12-06T12:59:35.342Z", "user": 1, "content_type": 7, "object_id": "3", "object_repr": "Salça & Soslar", "action_flag": 2, "change_message": "[{\"changed\": {\"fields\": [\"Title\", \"Slug\"]}}]"}}, {"model": "admin.logentry", "pk": 52, "fields": {"action_time": "2023-12-06T13:00:07.070Z", "user": 1, "content_type": 8, "object_id": "9", "object_repr": "enerji", "action_flag": 1, "change_message": "[{\"added\": {}}]"}}, {"model": "admin.logentry", "pk": 53, "fields": {"action_time": "2023-12-06T13:00:08.967Z", "user": 1, "content_type": 7, "object_id": "7", "object_repr": "Enerji Topları", "action_flag": 1, "change_message": "[{\"added\": {}}]"}}, {"model": "admin.logentry", "pk": 54, "fields": {"action_time": "2023-12-06T13:00:34.795Z", "user": 1, "content_type": 8, "object_id": "10", "object_repr": "zeytinler", "action_flag": 1, "change_message": "[{\"added\": {}}]"}}, {"model": "admin.logentry", "pk": 55, "fields": {"action_time": "2023-12-06T13:00:36.804Z", "user": 1, "content_type": 7, "object_id": "8", "object_repr": "Zeytinller", "action_flag": 1, "change_message": "[{\"added\": {}}]"}}, {"model": "admin.logentry", "pk": 56, "fields": {"action_time": "2023-12-06T13:01:26.701Z", "user": 1, "content_type": 8, "object_id": "11", "object_repr": "yaglar", "action_flag": 1, "change_message": "[{\"added\": {}}]"}}, {"model": "admin.logentry", "pk": 57, "fields": {"action_time": "2023-12-06T13:01:28.162Z", "user": 1, "content_type": 7, "object_id": "9", "object_repr": "Zeytinyağlari", "action_flag": 1, "change_message": "[{\"added\": {}}]"}}, {"model": "admin.logentry", "pk": 58, "fields": {"action_time": "2023-12-06T13:02:01.569Z", "user": 1, "content_type": 8, "object_id": "12", "object_repr": "caylar", "action_flag": 1, "change_message": "[{\"added\": {}}]"}}, {"model": "admin.logentry", "pk": 59, "fields": {"action_time": "2023-12-06T13:02:03.658Z", "user": 1, "content_type": 7, "object_id": "10", "object_repr": "Çaylar", "action_flag": 1, "change_message": "[{\"added\": {}}]"}}, {"model": "admin.logentry", "pk": 60, "fields": {"action_time": "2023-12-06T13:06:00.378Z", "user": 1, "content_type": 8, "object_id": "13", "object_repr": "coffee", "action_flag": 1, "change_message": "[{\"added\": {}}]"}}, {"model": "admin.logentry", "pk": 61, "fields": {"action_time": "2023-12-06T13:06:02.368Z", "user": 1, "content_type": 7, "object_id": "11", "object_repr": "Kahveler", "action_flag": 1, "change_message": "[{\"added\": {}}]"}}, {"model": "admin.logentry", "pk": 62, "fields": {"action_time": "2023-12-06T13:20:55.419Z", "user": 1, "content_type": 14, "object_id": "1", "object_repr": "Kuzu Göbeği Mantarı", "action_flag": 2, "change_message": "[{\"changed\": {\"fields\": [\"Product Title\"]}}]"}}, {"model": "admin.logentry", "pk": 63, "fields": {"action_time": "2023-12-06T13:21:03.574Z", "user": 1, "content_type": 14, "object_id": "3", "object_repr": "Trompet Mantarı", "action_flag": 2, "change_message": "[{\"changed\": {\"fields\": [\"Product Title\"]}}]"}}, {"model": "admin.logentry", "pk": 64, "fields": {"action_time": "2023-12-06T13:21:36.412Z", "user": 1, "content_type": 7, "object_id": "8", "object_repr": "Zeytinler", "action_flag": 2, "change_message": "[{\"changed\": {\"fields\": [\"Title\", \"Slug\"]}}]"}}, {"model": "admin.logentry", "pk": 65, "fields": {"action_time": "2023-12-07T10:37:19.333Z", "user": 1, "content_type": 8, "object_id": "14", "object_repr": "Pickels", "action_flag": 1, "change_message": "[{\"added\": {}}]"}}, {"model": "admin.logentry", "pk": 66, "fields": {"action_time": "2023-12-07T10:37:33.516Z", "user": 1, "content_type": 7, "object_id": "12", "object_repr": "Konserveler", "action_flag": 1, "change_message": "[{\"added\": {}}]"}}, {"model": "admin.logentry", "pk": 67, "fields": {"action_time": "2023-12-07T10:38:03.634Z", "user": 1, "content_type": 14, "object_id": "13", "object_repr": "İncir", "action_flag": 2, "change_message": "[{\"changed\": {\"fields\": [\"Language\"]}}]"}}, {"model": "admin.logentry", "pk": 68, "fields": {"action_time": "2023-12-07T10:38:11.940Z", "user": 1, "content_type": 14, "object_id": "12", "object_repr": "Badem", "action_flag": 2, "change_message": "[{\"changed\": {\"fields\": [\"Language\"]}}]"}}, {"model": "admin.logentry", "pk": 69, "fields": {"action_time": "2023-12-07T10:39:49.271Z", "user": 1, "content_type": 14, "object_id": "16", "object_repr": "Salatalik Tursusu", "action_flag": 1, "change_message": "[{\"added\": {}}]"}}, {"model": "admin.logentry", "pk": 70, "fields": {"action_time": "2023-12-07T10:39:54.448Z", "user": 1, "content_type": 14, "object_id": "16", "object_repr": "Salatalik Tursusu", "action_flag": 2, "change_message": "[]"}}, {"model": "admin.logentry", "pk": 71, "fields": {"action_time": "2023-12-07T10:40:01.952Z", "user": 1, "content_type": 14, "object_id": "17", "object_repr": "Jalepano Biber", "action_flag": 1, "change_message": "[{\"added\": {}}]"}}, {"model": "admin.logentry", "pk": 72, "fields": {"action_time": "2023-12-07T10:40:10.147Z", "user": 1, "content_type": 14, "object_id": "18", "object_repr": "Patlican", "action_flag": 1, "change_message": "[{\"added\": {}}]"}}, {"model": "admin.logentry", "pk": 73, "fields": {"action_time": "2023-12-07T10:40:18.067Z", "user": 1, "content_type": 14, "object_id": "19", "object_repr": "Enginar", "action_flag": 1, "change_message": "[{\"added\": {}}]"}}, {"model": "admin.logentry", "pk": 74, "fields": {"action_time": "2023-12-07T10:40:26.480Z", "user": 1, "content_type": 14, "object_id": "20", "object_repr": "Kirmizi Biber", "action_flag": 1, "change_message": "[{\"added\": {}}]"}}, {"model": "admin.logentry", "pk": 75, "fields": {"action_time": "2023-12-07T10:41:46.595Z", "user": 1, "content_type": 14, "object_id": "21", "object_repr": "Domates Puresi", "action_flag": 1, "change_message": "[{\"added\": {}}]"}}, {"model": "admin.logentry", "pk": 76, "fields": {"action_time": "2023-12-07T10:41:57.277Z", "user": 1, "content_type": 14, "object_id": "22", "object_repr": "Domates Salcasi", "action_flag": 1, "change_message": "[{\"added\": {}}]"}}, {"model": "admin.logentry", "pk": 77, "fields": {"action_time": "2023-12-07T10:42:07.571Z", "user": 1, "content_type": 14, "object_id": "23", "object_repr": "Kup kesilmis domates", "action_flag": 1, "change_message": "[{\"added\": {}}]"}}, {"model": "admin.logentry", "pk": 78, "fields": {"action_time": "2023-12-07T10:42:17.029Z", "user": 1, "content_type": 14, "object_id": "24", "object_repr": "Pizza Sauce", "action_flag": 1, "change_message": "[{\"added\": {}}]"}}, {"model": "admin.logentry", "pk": 79, "fields": {"action_time": "2023-12-07T10:42:25.603Z", "user": 1, "content_type": 14, "object_id": "25", "object_repr": "Biber Salcasi", "action_flag": 1, "change_message": "[{\"added\": {}}]"}}, {"model": "admin.logentry", "pk": 80, "fields": {"action_time": "2023-12-07T10:43:16.143Z", "user": 1, "content_type": 14, "object_id": "26", "object_repr": "Kekik", "action_flag": 1, "change_message": "[{\"added\": {}}]"}}, {"model": "admin.logentry", "pk": 81, "fields": {"action_time": "2023-12-07T10:43:24.210Z", "user": 1, "content_type": 14, "object_id": "27", "object_repr": "Defne Yapragi", "action_flag": 1, "change_message": "[{\"added\": {}}]"}}, {"model": "admin.logentry", "pk": 82, "fields": {"action_time": "2023-12-07T10:43:33.755Z", "user": 1, "content_type": 14, "object_id": "28", "object_repr": "Safran", "action_flag": 1, "change_message": "[{\"added\": {}}]"}}, {"model": "admin.logentry", "pk": 83, "fields": {"action_time": "2023-12-07T10:43:42.180Z", "user": 1, "content_type": 14, "object_id": "29", "object_repr": "Vanilya", "action_flag": 1, "change_message": "[{\"added\": {}}]"}}, {"model": "admin.logentry", "pk": 84, "fields": {"action_time": "2023-12-07T10:44:14.703Z", "user": 1, "content_type": 14, "object_id": "30", "object_repr": "Elma Sirkesi", "action_flag": 1, "change_message": "[{\"added\": {}}]"}}, {"model": "admin.logentry", "pk": 85, "fields": {"action_time": "2023-12-07T10:44:23.582Z", "user": 1, "content_type": 14, "object_id": "31", "object_repr": "Alic Sirkesi", "action_flag": 1, "change_message": "[{\"added\": {}}]"}}, {"model": "admin.logentry", "pk": 86, "fields": {"action_time": "2023-12-07T10:44:32.299Z", "user": 1, "content_type": 14, "object_id": "32", "object_repr": "Nar Eksisi", "action_flag": 1, "change_message": "[{\"added\": {}}]"}}, {"model": "admin.logentry", "pk": 87, "fields": {"action_time": "2023-12-07T10:44:43.800Z", "user": 1, "content_type": 14, "object_id": "33", "object_repr": "Hurma Ozu", "action_flag": 1, "change_message": "[{\"added\": {}}]"}}, {"model": "admin.logentry", "pk": 88, "fields": {"action_time": "2023-12-07T10:44:54.854Z", "user": 1, "content_type": 14, "object_id": "34", "object_repr": "Dut Ozu", "action_flag": 1, "change_message": "[{\"added\": {}}]"}}, {"model": "admin.logentry", "pk": 89, "fields": {"action_time": "2023-12-07T10:46:32.080Z", "user": 1, "content_type": 14, "object_id": "35", "object_repr": "Findik Ezmesi", "action_flag": 1, "change_message": "[{\"added\": {}}]"}}, {"model": "admin.logentry", "pk": 90, "fields": {"action_time": "2023-12-07T10:46:40.647Z", "user": 1, "content_type": 14, "object_id": "36", "object_repr": "Findik Ezmesi Kakao", "action_flag": 1, "change_message": "[{\"added\": {}}]"}}, {"model": "admin.logentry", "pk": 91, "fields": {"action_time": "2023-12-07T10:47:02.338Z", "user": 1, "content_type": 14, "object_id": "37", "object_repr": "Findik Ezmesi (Seker Pancari İlave)", "action_flag": 1, "change_message": "[{\"added\": {}}]"}}, {"model": "admin.logentry", "pk": 92, "fields": {"action_time": "2023-12-07T10:47:12.817Z", "user": 1, "content_type": 14, "object_id": "38", "object_repr": "Antep Fistigi Ezmesi", "action_flag": 1, "change_message": "[{\"added\": {}}]"}}, {"model": "admin.logentry", "pk": 93, "fields": {"action_time": "2023-12-07T10:47:45.041Z", "user": 1, "content_type": 14, "object_id": "39", "object_repr": "Findik cruncy", "action_flag": 1, "change_message": "[{\"added\": {}}]"}}, {"model": "admin.logentry", "pk": 94, "fields": {"action_time": "2023-12-07T10:47:56.235Z", "user": 1, "content_type": 14, "object_id": "40", "object_repr": "Findik hindistan cevizi", "action_flag": 1, "change_message": "[{\"added\": {}}]"}}, {"model": "admin.logentry", "pk": 95, "fields": {"action_time": "2023-12-07T10:48:07.351Z", "user": 1, "content_type": 14, "object_id": "41", "object_repr": "Findik cacao", "action_flag": 1, "change_message": "[{\"added\": {}}]"}}, {"model": "admin.logentry", "pk": 96, "fields": {"action_time": "2023-12-07T10:49:24.024Z", "user": 1, "content_type": 14, "object_id": "42", "object_repr": "Siyah Zetyin", "action_flag": 1, "change_message": "[{\"added\": {}}]"}}, {"model": "admin.logentry", "pk": 97, "fields": {"action_time": "2023-12-07T10:49:33.274Z", "user": 1, "content_type": 14, "object_id": "43", "object_repr": "Yesil Zeytin", "action_flag": 1, "change_message": "[{\"added\": {}}]"}}, {"model": "admin.logentry", "pk": 98, "fields": {"action_time": "2023-12-07T10:49:43.526Z", "user": 1, "content_type": 14, "object_id": "44", "object_repr": "Pizza Black Olive", "action_flag": 1, "change_message": "[{\"added\": {}}]"}}, {"model": "admin.logentry", "pk": 99, "fields": {"action_time": "2023-12-07T10:49:57.451Z", "user": 1, "content_type": 14, "object_id": "45", "object_repr": "Pizza Green Olive", "action_flag": 1, "change_message": "[{\"added\": {}}]"}}, {"model": "admin.logentry", "pk": 100, "fields": {"action_time": "2023-12-07T10:50:12.950Z", "user": 1, "content_type": 14, "object_id": "46", "object_repr": "Biberli", "action_flag": 1, "change_message": "[{\"added\": {}}]"}}, {"model": "admin.logentry", "pk": 101, "fields": {"action_time": "2023-12-07T10:50:22.919Z", "user": 1, "content_type": 14, "object_id": "47", "object_repr": "Aci Biberli Zeytin", "action_flag": 1, "change_message": "[{\"added\": {}}]"}}, {"model": "admin.logentry", "pk": 102, "fields": {"action_time": "2023-12-07T10:50:34.985Z", "user": 1, "content_type": 14, "object_id": "46", "object_repr": "Biberli Zeytin", "action_flag": 2, "change_message": "[{\"changed\": {\"fields\": [\"Product Title\"]}}]"}}, {"model": "admin.logentry", "pk": 103, "fields": {"action_time": "2023-12-07T10:51:07.966Z", "user": 1, "content_type": 14, "object_id": "48", "object_repr": "Bademli Zeytin", "action_flag": 1, "change_message": "[{\"added\": {}}]"}}, {"model": "admin.logentry", "pk": 104, "fields": {"action_time": "2023-12-07T10:51:27.439Z", "user": 1, "content_type": 14, "object_id": "49", "object_repr": "Zeytinyagi", "action_flag": 1, "change_message": "[{\"added\": {}}]"}}, {"model": "admin.logentry", "pk": 105, "fields": {"action_time": "2023-12-07T10:51:43.533Z", "user": 1, "content_type": 14, "object_id": "50", "object_repr": "Extra Virgin", "action_flag": 1, "change_message": "[{\"added\": {}}]"}}, {"model": "admin.logentry", "pk": 106, "fields": {"action_time": "2023-12-07T10:51:51.988Z", "user": 1, "content_type": 14, "object_id": "51", "object_repr": "Premium", "action_flag": 1, "change_message": "[{\"added\": {}}]"}}, {"model": "admin.logentry", "pk": 107, "fields": {"action_time": "2023-12-07T10:52:05.795Z", "user": 1, "content_type": 14, "object_id": "52", "object_repr": "Siyah Cay", "action_flag": 1, "change_message": "[{\"added\": {}}]"}}, {"model": "admin.logentry", "pk": 108, "fields": {"action_time": "2023-12-07T10:52:18.897Z", "user": 1, "content_type": 14, "object_id": "53", "object_repr": "Bitki Cayi", "action_flag": 1, "change_message": "[{\"added\": {}}]"}}, {"model": "admin.logentry", "pk": 109, "fields": {"action_time": "2023-12-07T10:52:30.413Z", "user": 1, "content_type": 14, "object_id": "54", "object_repr": "Filtre Kahve", "action_flag": 1, "change_message": "[{\"added\": {}}]"}}, {"model": "admin.logentry", "pk": 110, "fields": {"action_time": "2023-12-07T10:52:40.472Z", "user": 1, "content_type": 14, "object_id": "55", "object_repr": "Turk Kahvesi", "action_flag": 1, "change_message": "[{\"added\": {}}]"}}, {"model": "admin.logentry", "pk": 111, "fields": {"action_time": "2023-12-07T10:52:50.292Z", "user": 1, "content_type": 14, "object_id": "56", "object_repr": "Espresso", "action_flag": 1, "change_message": "[{\"added\": {}}]"}}, {"model": "admin.logentry", "pk": 112, "fields": {"action_time": "2023-12-07T10:52:58.133Z", "user": 1, "content_type": 14, "object_id": "14", "object_repr": "Kayısı", "action_flag": 2, "change_message": "[{\"changed\": {\"fields\": [\"Language\"]}}]"}}, {"model": "admin.logentry", "pk": 113, "fields": {"action_time": "2023-12-07T10:53:03.887Z", "user": 1, "content_type": 14, "object_id": "35", "object_repr": "Findik Ezmesi", "action_flag": 2, "change_message": "[{\"changed\": {\"fields\": [\"Language\"]}}]"}}, {"model": "auth.permission", "pk": 1, "fields": {"name": "Can add log entry", "content_type": 1, "codename": "add_logentry"}}, {"model": "auth.permission", "pk": 2, "fields": {"name": "Can change log entry", "content_type": 1, "codename": "change_logentry"}}, {"model": "auth.permission", "pk": 3, "fields": {"name": "Can delete log entry", "content_type": 1, "codename": "delete_logentry"}}, {"model": "auth.permission", "pk": 4, "fields": {"name": "Can view log entry", "content_type": 1, "codename": "view_logentry"}}, {"model": "auth.permission", "pk": 5, "fields": {"name": "Can add permission", "content_type": 2, "codename": "add_permission"}}, {"model": "auth.permission", "pk": 6, "fields": {"name": "Can change permission", "content_type": 2, "codename": "change_permission"}}, {"model": "auth.permission", "pk": 7, "fields": {"name": "Can delete permission", "content_type": 2, "codename": "delete_permission"}}, {"model": "auth.permission", "pk": 8, "fields": {"name": "Can view permission", "content_type": 2, "codename": "view_permission"}}, {"model": "auth.permission", "pk": 9, "fields": {"name": "Can add group", "content_type": 3, "codename": "add_group"}}, {"model": "auth.permission", "pk": 10, "fields": {"name": "Can change group", "content_type": 3, "codename": "change_group"}}, {"model": "auth.permission", "pk": 11, "fields": {"name": "Can delete group", "content_type": 3, "codename": "delete_group"}}, {"model": "auth.permission", "pk": 12, "fields": {"name": "Can view group", "content_type": 3, "codename": "view_group"}}, {"model": "auth.permission", "pk": 13, "fields": {"name": "Can add user", "content_type": 4, "codename": "add_user"}}, {"model": "auth.permission", "pk": 14, "fields": {"name": "Can change user", "content_type": 4, "codename": "change_user"}}, {"model": "auth.permission", "pk": 15, "fields": {"name": "Can delete user", "content_type": 4, "codename": "delete_user"}}, {"model": "auth.permission", "pk": 16, "fields": {"name": "Can view user", "content_type": 4, "codename": "view_user"}}, {"model": "auth.permission", "pk": 17, "fields": {"name": "Can add content type", "content_type": 5, "codename": "add_contenttype"}}, {"model": "auth.permission", "pk": 18, "fields": {"name": "Can change content type", "content_type": 5, "codename": "change_contenttype"}}, {"model": "auth.permission", "pk": 19, "fields": {"name": "Can delete content type", "content_type": 5, "codename": "delete_contenttype"}}, {"model": "auth.permission", "pk": 20, "fields": {"name": "Can view content type", "content_type": 5, "codename": "view_contenttype"}}, {"model": "auth.permission", "pk": 21, "fields": {"name": "Can add session", "content_type": 6, "codename": "add_session"}}, {"model": "auth.permission", "pk": 22, "fields": {"name": "Can change session", "content_type": 6, "codename": "change_session"}}, {"model": "auth.permission", "pk": 23, "fields": {"name": "Can delete session", "content_type": 6, "codename": "delete_session"}}, {"model": "auth.permission", "pk": 24, "fields": {"name": "Can view session", "content_type": 6, "codename": "view_session"}}, {"model": "auth.permission", "pk": 25, "fields": {"name": "Can add category", "content_type": 7, "codename": "add_category"}}, {"model": "auth.permission", "pk": 26, "fields": {"name": "Can change category", "content_type": 7, "codename": "change_category"}}, {"model": "auth.permission", "pk": 27, "fields": {"name": "Can delete category", "content_type": 7, "codename": "delete_category"}}, {"model": "auth.permission", "pk": 28, "fields": {"name": "Can view category", "content_type": 7, "codename": "view_category"}}, {"model": "auth.permission", "pk": 29, "fields": {"name": "Can add image", "content_type": 8, "codename": "add_image"}}, {"model": "auth.permission", "pk": 30, "fields": {"name": "Can change image", "content_type": 8, "codename": "change_image"}}, {"model": "auth.permission", "pk": 31, "fields": {"name": "Can delete image", "content_type": 8, "codename": "delete_image"}}, {"model": "auth.permission", "pk": 32, "fields": {"name": "Can view image", "content_type": 8, "codename": "view_image"}}, {"model": "auth.permission", "pk": 33, "fields": {"name": "Can add tag", "content_type": 9, "codename": "add_tag"}}, {"model": "auth.permission", "pk": 34, "fields": {"name": "Can change tag", "content_type": 9, "codename": "change_tag"}}, {"model": "auth.permission", "pk": 35, "fields": {"name": "Can delete tag", "content_type": 9, "codename": "delete_tag"}}, {"model": "auth.permission", "pk": 36, "fields": {"name": "Can view tag", "content_type": 9, "codename": "view_tag"}}, {"model": "auth.permission", "pk": 37, "fields": {"name": "Can add page", "content_type": 10, "codename": "add_page"}}, {"model": "auth.permission", "pk": 38, "fields": {"name": "Can change page", "content_type": 10, "codename": "change_page"}}, {"model": "auth.permission", "pk": 39, "fields": {"name": "Can delete page", "content_type": 10, "codename": "delete_page"}}, {"model": "auth.permission", "pk": 40, "fields": {"name": "Can view page", "content_type": 10, "codename": "view_page"}}, {"model": "auth.permission", "pk": 41, "fields": {"name": "Can add menu item", "content_type": 11, "codename": "add_menuitem"}}, {"model": "auth.permission", "pk": 42, "fields": {"name": "Can change menu item", "content_type": 11, "codename": "change_menuitem"}}, {"model": "auth.permission", "pk": 43, "fields": {"name": "Can delete menu item", "content_type": 11, "codename": "delete_menuitem"}}, {"model": "auth.permission", "pk": 44, "fields": {"name": "Can view menu item", "content_type": 11, "codename": "view_menuitem"}}, {"model": "auth.permission", "pk": 45, "fields": {"name": "Can add home page", "content_type": 12, "codename": "add_homepage"}}, {"model": "auth.permission", "pk": 46, "fields": {"name": "Can change home page", "content_type": 12, "codename": "change_homepage"}}, {"model": "auth.permission", "pk": 47, "fields": {"name": "Can delete home page", "content_type": 12, "codename": "delete_homepage"}}, {"model": "auth.permission", "pk": 48, "fields": {"name": "Can view home page", "content_type": 12, "codename": "view_homepage"}}, {"model": "auth.permission", "pk": 49, "fields": {"name": "Can add social", "content_type": 13, "codename": "add_social"}}, {"model": "auth.permission", "pk": 50, "fields": {"name": "Can change social", "content_type": 13, "codename": "change_social"}}, {"model": "auth.permission", "pk": 51, "fields": {"name": "Can delete social", "content_type": 13, "codename": "delete_social"}}, {"model": "auth.permission", "pk": 52, "fields": {"name": "Can view social", "content_type": 13, "codename": "view_social"}}, {"model": "auth.permission", "pk": 53, "fields": {"name": "Can add product", "content_type": 14, "codename": "add_product"}}, {"model": "auth.permission", "pk": 54, "fields": {"name": "Can change product", "content_type": 14, "codename": "change_product"}}, {"model": "auth.permission", "pk": 55, "fields": {"name": "Can delete product", "content_type": 14, "codename": "delete_product"}}, {"model": "auth.permission", "pk": 56, "fields": {"name": "Can view product", "content_type": 14, "codename": "view_product"}}, {"model": "auth.user", "pk": 1, "fields": {"password": "pbkdf2_sha256$600000$lkQVRollQCTgvpNnRpEtEG$jsSaQrBVvBl0TzrjmpPa0jaGIK9dTotdcUSUsby3Ybs=", "last_login": "2023-12-06T10:06:53.102Z", "is_superuser": true, "username": "admin", "first_name": "", "last_name": "", "email": "", "is_staff": true, "is_active": true, "date_joined": "2023-12-06T10:06:18.888Z", "groups": [], "user_permissions": []}}, {"model": "contenttypes.contenttype", "pk": 1, "fields": {"app_label": "admin", "model": "logentry"}}, {"model": "contenttypes.contenttype", "pk": 2, "fields": {"app_label": "auth", "model": "permission"}}, {"model": "contenttypes.contenttype", "pk": 3, "fields": {"app_label": "auth", "model": "group"}}, {"model": "contenttypes.contenttype", "pk": 4, "fields": {"app_label": "auth", "model": "user"}}, {"model": "contenttypes.contenttype", "pk": 5, "fields": {"app_label": "contenttypes", "model": "contenttype"}}, {"model": "contenttypes.contenttype", "pk": 6, "fields": {"app_label": "sessions", "model": "session"}}, {"model": "contenttypes.contenttype", "pk": 7, "fields": {"app_label": "content", "model": "category"}}, {"model": "contenttypes.contenttype", "pk": 8, "fields": {"app_label": "content", "model": "image"}}, {"model": "contenttypes.contenttype", "pk": 9, "fields": {"app_label": "content", "model": "tag"}}, {"model": "contenttypes.contenttype", "pk": 10, "fields": {"app_label": "content", "model": "page"}}, {"model": "contenttypes.contenttype", "pk": 11, "fields": {"app_label": "content", "model": "menuitem"}}, {"model": "contenttypes.contenttype", "pk": 12, "fields": {"app_label": "content", "model": "homepage"}}, {"model": "contenttypes.contenttype", "pk": 13, "fields": {"app_label": "content", "model": "social"}}, {"model": "contenttypes.contenttype", "pk": 14, "fields": {"app_label": "content", "model": "product"}}, {"model": "sessions.session", "pk": "abh49gu2kvhlej1h6z27hdfymxhnsy7r", "fields": {"session_data": ".eJxVjDsOwjAQBe_iGln-4Q8lfc5gre1dHEC2FCcV4u4QKQW0b2bei0XY1hq3gUucC7swyU6_W4L8wLaDcod26zz3ti5z4rvCDzr41As-r4f7d1Bh1G-tcyaSSijh6OwlZQKEhBi89caQBWd9ckVgsNqT8kZrgaZkVUgEaQx7fwD72TgR:1rAont:AX_KouUgC9UlFiHWG2YPNGA6jNAxR5dfN40WPxEEVIk", "expire_date": "2023-12-20T10:06:53.115Z"}}, {"model": "content.image", "pk": 1, "fields": {"image": "images/Global-Dinner-Side_0b2ecGI.jpg", "alt_text": "Global Side"}}, {"model": "content.image", "pk": 2, "fields": {"image": "images/Global-Dinner-Top_ob9t6vH.jpg", "alt_text": "Global Top"}}, {"model": "content.image", "pk": 3, "fields": {"image": "images/dryed_KEzuhHV.jpg", "alt_text": "Dryed"}}, {"model": "content.image", "pk": 4, "fields": {"image": "images/grains_IfzFR0p.jpg", "alt_text": "grains"}}, {"model": "content.image", "pk": 5, "fields": {"image": "images/tomatoprod_4eVulSj.jpg", "alt_text": "Domatesli"}}, {"model": "content.image", "pk": 6, "fields": {"image": "images/spices_595Flsq.jpg", "alt_text": "Spices"}}, {"model": "content.image", "pk": 7, "fields": {"image": "images/vinegar_kHdQeKd.jpg", "alt_text": "Sirke"}}, {"model": "content.image", "pk": 8, "fields": {"image": "images/paste_sqllcSp.jpg", "alt_text": "paste"}}, {"model": "content.image", "pk": 9, "fields": {"image": "images/energyballs_P3nmNZj.jpg", "alt_text": "enerji"}}, {"model": "content.image", "pk": 10, "fields": {"image": "images/olive_uiLAAqW.jpg", "alt_text": "zeytinler"}}, {"model": "content.image", "pk": 11, "fields": {"image": "images/oliveoil_B16qBTW.jpg", "alt_text": "yaglar"}}, {"model": "content.image", "pk": 12, "fields": {"image": "images/tea_Qyopdrk.jpg", "alt_text": "caylar"}}, {"model": "content.image", "pk": 13, "fields": {"image": "images/coffee.jpg", "alt_text": "coffee"}}, {"model": "content.image", "pk": 14, "fields": {"image": "images/pickels_kYm0pTp.jpg", "alt_text": "Pickels"}}, {"model": "content.menuitem", "pk": 2, "fields": {"title": "Hakkımızda", "link": "/tr/page/hakkimizda/", "parent": null, "page": null, "newtab": false, "order": 1, "lang": "tr"}}, {"model": "content.category", "pk": 1, "fields": {"title": "Kuru Gıdalar", "slug": "kuru-gidalar", "categoryinfo": "", "content": "<p>Kuru Mantarlar, Kuru domates, bakliyat gibi urunleri yerel ureticilerden alarak sizlerle bulusturuyoruz. Mantarlar dogal olarak ormanlardan toplanarak kurutulmaktadir. Bu urunler talebe gore farkli paketleme olanaklari ile sunulmaktadir. 20 gr, 200 gr, 1kg veya ton.</p>", "langslug": "", "image": 3, "lang": "tr", "order": 1}}, {"model": "content.category", "pk": 2, "fields": {"title": "Atıştırmalıklar", "slug": "atistirmaliklar", "categoryinfo": "", "content": "<p>Cerezler en citir haliyle taze ve atistimalik, apero veya keyifli bir aksamda misafirleriniz aliniez ile birlikte zevkle tuketebileceginiz cesitli seceneklerde sunulmaktadir. Simdilik sadece toptan satis mumkun olup,1,2,3 ve&nbsp; 5 Kglik vakumlu paketlerde tarafiniza iletilmektedir.</p>", "langslug": "", "image": 4, "lang": "tr", "order": 2}}, {"model": "content.category", "pk": 3, "fields": {"title": "Salça & Soslar", "slug": "salca-soslar", "categoryinfo": "", "content": "<p>Domates urunleri hem restaurantlar icin hem de toptan satim icin uygundur. Firmalarin istegine gore farkli kesim ve ambalaj secenekleri ile sunulmaktadir. Domates puresi, salcasi, kup kesim, pizza sosu ve &nbsp;firmanizin talebi ile farkli tarifler ile size ozel uretilmektedir. Bag in bags, kavanoz, plastik ficilar veya farkli kg olarak.</p>", "langslug": "", "image": 5, "lang": "tr", "order": 3}}, {"model": "content.category", "pk": 4, "fields": {"title": "Baharatlar", "slug": "baharatlar", "categoryinfo": "", "content": "<p>Tamamen en ozel ve en kaliteli urunlerin ve fine food urunleri sizlerle bulusturmaktan mumnun oluyoruz. Bu urunler en ozel kosullarda ve ozel uretimler ile paketlenerek tarafiniza istediginiz ambalaj ve gr, kg oranlarinda secenekleri ile sunulmaktadir.</p>", "langslug": "", "image": 6, "lang": "tr", "order": 4}}, {"model": "content.category", "pk": 5, "fields": {"title": "Sirkeler", "slug": "sirkeler", "categoryinfo": "", "content": "<p>Sirke ve bazi ozel meyvelerin ozutleri tarafiniza restorant ve hotel taleplerine gore farkli ambalaj ve paketler ile sunulmaktadir.</p>", "langslug": "", "image": 7, "lang": "tr", "order": 5}}, {"model": "content.category", "pk": 6, "fields": {"title": "Ezmeler", "slug": "ezmeler", "categoryinfo": "", "content": "<p>Turkiye`nin Karadeniz bolgesinden ozenle toplanan findiklardan ve fistiklardan olusturlan farkli paket ve ambalaj secenekleri ile size sunulmaktadir. Pastane, hotel ve restaorant lar icin 1 kg ve uzeri secenekleri ile yada son kullanici icin 200, 250,270 gr gibi farkli seceneklerde uretim imkani olan bu degerli urunleri sizler icin uretiyoruz. Findik ve fistik ezmeleri cruncy olarak uretilmektedir. %100 findik ezmesi, fistik ezmesi ya da her zaman %80 uzeri findik ezmesi secenekleri ile baska tadlara ulasmaniz mumkun.</p>", "langslug": "", "image": 8, "lang": "tr", "order": 6}}, {"model": "content.category", "pk": 7, "fields": {"title": "Enerji Topları", "slug": "enerji-toplar", "categoryinfo": "", "content": "<p>Findik ezmelerinden enerji toplari uettik sizler icin bu enerji topari gune iyi baslanizi saglayacaklar. Bu urunler su anda sadece 60 grlik paketlerde sinirli sayida uretilmektedir. Daha yuksek oranda ozel talep gelmesi halinde urteilmektedir<strong>.</strong></p>", "langslug": "", "image": 9, "lang": "tr", "order": 7}}, {"model": "content.category", "pk": 8, "fields": {"title": "Zeytinler", "slug": "zeytinler", "categoryinfo": "", "content": "<p>Zeytin siyah, yesil, cekirdeksiz secenekleri ile restorant, hotellerde salatalar, pizzalariniz icin gayet uygundur. Farkli kg cesililiginde tarafiniza toptan ve perakende olarak sunulmaktadir.</p>", "langslug": "", "image": 10, "lang": "tr", "order": 8}}, {"model": "content.category", "pk": 9, "fields": {"title": "Zeytinyağlari", "slug": "zeytinyaglari", "categoryinfo": "", "content": "<p>Zeytin Anadolunun en guzel zeytin bahcelerinden toplanarak zeytinyaginin en dogal haliyle sizlerle bulusmaktadir. Zeytinyagi 1L, 3L, 5L, 18L ve ton bazinda secenekler ile tarafiniza isteginize gore ozel paketleme, privat label ve ozel markalar ile hazirlanabilmektedir.</p>", "langslug": "", "image": 11, "lang": "tr", "order": 9}}, {"model": "content.category", "pk": 10, "fields": {"title": "Çaylar", "slug": "caylar", "categoryinfo": "", "content": "<p>Siyah ve yesil cay ile bitki caylari, uretici firmanin markasi ile sizlerin talepleri dorultusunda, hem restaorantlar, hem caf&eacute;, otellere uygun alim imkanlari ile tarafinizla bulusturlmaktadir.</p>", "langslug": "", "image": 12, "lang": "tr", "order": 10}}, {"model": "content.category", "pk": 11, "fields": {"title": "Kahveler", "slug": "kahveler", "categoryinfo": "", "content": "<p>Kahve cesitleri uretici firmanin markasi ile yada sizlerin talepleri dorultusunda kendi markaniz ile hem restaorantlar, caf&eacute;, otellere uygun alim imkanlari ile tarafinizla bulusturulmaktadir<strong>.</strong></p>", "langslug": "", "image": 13, "lang": "tr", "order": 11}}, {"model": "content.category", "pk": 12, "fields": {"title": "Konserveler", "slug": "konserveler", "categoryinfo": "", "content": "<p>Konserve urunler Restaurant ve toptan alim yapmak isteyen firmalar icin mumkundur. Salatalik tursusu farkli kesim secenekleri yuvarlak, uzun, kup gibi ve istege gore firmanin talebi ve tarifi ile size ozel uretilmektedir.Diger konserve ve tursu secenekleri firmanizin ozel istek tariflerine gore cesitli formatlarda sunulmaktadir. Bag in bags, kavanoz, plastik ficilar veya farkli kg olarak.</p>", "langslug": "", "image": 14, "lang": "tr", "order": 12}}, {"model": "content.product", "pk": 1, "fields": {"title": "Kuzu Göbeği Mantarı", "slug": "kuzu-gobegi-mantari", "langslug": "", "pageinfo": "", "content": "", "shoplink": "", "image": null, "date_posted": "2023-12-06T10:21:47.122Z", "lang": "tr", "order": 1, "images": [], "categories": [1]}}, {"model": "content.product", "pk": 2, "fields": {"title": "Porcini", "slug": "porcini", "langslug": "", "pageinfo": "", "content": "", "shoplink": "", "image": null, "date_posted": "2023-12-06T10:22:15.208Z", "lang": "tr", "order": 2, "images": [], "categories": [1]}}, {"model": "content.product", "pk": 3, "fields": {"title": "Trompet Mantarı", "slug": "trompet-mantari", "langslug": "", "pageinfo": "", "content": "", "shoplink": "", "image": null, "date_posted": "2023-12-06T10:22:32.122Z", "lang": "tr", "order": 3, "images": [], "categories": [1]}}, {"model": "content.product", "pk": 4, "fields": {"title": "Nohut", "slug": "nohut", "langslug": "", "pageinfo": "", "content": "", "shoplink": "", "image": null, "date_posted": "2023-12-06T10:22:52.391Z", "lang": "tr", "order": 4, "images": [], "categories": [1]}}, {"model": "content.product", "pk": 5, "fields": {"title": "Mercimek", "slug": "mercimek", "langslug": "", "pageinfo": "", "content": "", "shoplink": "", "image": null, "date_posted": "2023-12-06T10:23:05.655Z", "lang": "tr", "order": 5, "images": [], "categories": [1]}}, {"model": "content.product", "pk": 6, "fields": {"title": "Kuru Domates", "slug": "kuru-domates", "langslug": "", "pageinfo": "", "content": "", "shoplink": "", "image": null, "date_posted": "2023-12-06T10:23:22.523Z", "lang": "tr", "order": 6, "images": [], "categories": [1]}}, {"model": "content.product", "pk": 7, "fields": {"title": "Leblebi", "slug": "leblebi", "langslug": "", "pageinfo": "", "content": "", "shoplink": "", "image": null, "date_posted": "2023-12-06T11:10:21.682Z", "lang": "tr", "order": 7, "images": [], "categories": [2]}}, {"model": "content.product", "pk": 8, "fields": {"title": "Kuruyemiş", "slug": "kuruyemis", "langslug": "", "pageinfo": "", "content": "", "shoplink": "", "image": null, "date_posted": "2023-12-06T11:10:35.944Z", "lang": "tr", "order": 8, "images": [], "categories": [2]}}, {"model": "content.product", "pk": 9, "fields": {"title": "Antep Fıstığı", "slug": "antep-fstg", "langslug": "", "pageinfo": "", "content": "", "shoplink": "", "image": null, "date_posted": "2023-12-06T11:10:56.537Z", "lang": "tr", "order": 9, "images": [], "categories": [2]}}, {"model": "content.product", "pk": 10, "fields": {"title": "Fındık", "slug": "fndk", "langslug": "", "pageinfo": "", "content": "", "shoplink": "", "image": null, "date_posted": "2023-12-06T11:11:14.443Z", "lang": "tr", "order": 10, "images": [], "categories": [2]}}, {"model": "content.product", "pk": 11, "fields": {"title": "Ceviz", "slug": "ceviz", "langslug": "", "pageinfo": "", "content": "", "shoplink": "", "image": null, "date_posted": "2023-12-06T11:13:58.291Z", "lang": "tr", "order": 11, "images": [], "categories": [2]}}, {"model": "content.product", "pk": 12, "fields": {"title": "Badem", "slug": "badem", "langslug": "", "pageinfo": "", "content": "", "shoplink": "", "image": null, "date_posted": "2023-12-06T11:14:24.660Z", "lang": "tr", "order": 12, "images": [], "categories": [2]}}, {"model": "content.product", "pk": 13, "fields": {"title": "İncir", "slug": "incir", "langslug": "", "pageinfo": "", "content": "", "shoplink": "", "image": null, "date_posted": "2023-12-06T11:14:41.372Z", "lang": "tr", "order": 13, "images": [], "categories": [2]}}, {"model": "content.product", "pk": 14, "fields": {"title": "Kayısı", "slug": "kays", "langslug": "", "pageinfo": "", "content": "", "shoplink": "", "image": null, "date_posted": "2023-12-06T11:14:55.190Z", "lang": "tr", "order": 14, "images": [], "categories": [2]}}, {"model": "content.product", "pk": 15, "fields": {"title": "Üzüm", "slug": "uzum", "langslug": "", "pageinfo": "", "content": "", "shoplink": "", "image": null, "date_posted": "2023-12-06T11:15:10.182Z", "lang": "tr", "order": 15, "images": [], "categories": [2]}}, {"model": "content.product", "pk": 16, "fields": {"title": "Salatalik Tursusu", "slug": "salatalik-tursusu", "langslug": "", "pageinfo": "", "content": "", "shoplink": "", "image": null, "date_posted": "2023-12-07T10:39:49.267Z", "lang": "tr", "order": 16, "images": [], "categories": [12]}}, {"model": "content.product", "pk": 17, "fields": {"title": "Jalepano Biber", "slug": "jalepano-biber", "langslug": "", "pageinfo": "", "content": "", "shoplink": "", "image": null, "date_posted": "2023-12-07T10:40:01.946Z", "lang": "tr", "order": 17, "images": [], "categories": [12]}}, {"model": "content.product", "pk": 18, "fields": {"title": "Patlican", "slug": "patlican", "langslug": "", "pageinfo": "", "content": "", "shoplink": "", "image": null, "date_posted": "2023-12-07T10:40:10.143Z", "lang": "tr", "order": 18, "images": [], "categories": [12]}}, {"model": "content.product", "pk": 19, "fields": {"title": "Enginar", "slug": "enginar", "langslug": "", "pageinfo": "", "content": "", "shoplink": "", "image": null, "date_posted": "2023-12-07T10:40:18.063Z", "lang": "tr", "order": 19, "images": [], "categories": [12]}}, {"model": "content.product", "pk": 20, "fields": {"title": "Kirmizi Biber", "slug": "kirmizi-biber", "langslug": "", "pageinfo": "", "content": "", "shoplink": "", "image": null, "date_posted": "2023-12-07T10:40:26.476Z", "lang": "tr", "order": 20, "images": [], "categories": [12]}}, {"model": "content.product", "pk": 21, "fields": {"title": "Domates Puresi", "slug": "domates-puresi", "langslug": "", "pageinfo": "", "content": "", "shoplink": "", "image": null, "date_posted": "2023-12-07T10:41:46.592Z", "lang": "tr", "order": 21, "images": [], "categories": [3]}}, {"model": "content.product", "pk": 22, "fields": {"title": "Domates Salcasi", "slug": "domates-salcasi", "langslug": "", "pageinfo": "", "content": "", "shoplink": "", "image": null, "date_posted": "2023-12-07T10:41:57.272Z", "lang": "tr", "order": 22, "images": [], "categories": [3]}}, {"model": "content.product", "pk": 23, "fields": {"title": "Kup kesilmis domates", "slug": "kup-kesilmis-domates", "langslug": "", "pageinfo": "", "content": "", "shoplink": "", "image": null, "date_posted": "2023-12-07T10:42:07.568Z", "lang": "tr", "order": 23, "images": [], "categories": [3]}}, {"model": "content.product", "pk": 24, "fields": {"title": "Pizza Sauce", "slug": "pizza-sauce", "langslug": "", "pageinfo": "", "content": "", "shoplink": "", "image": null, "date_posted": "2023-12-07T10:42:17.023Z", "lang": "tr", "order": 24, "images": [], "categories": [3]}}, {"model": "content.product", "pk": 25, "fields": {"title": "Biber Salcasi", "slug": "biber-salcasi", "langslug": "", "pageinfo": "", "content": "", "shoplink": "", "image": null, "date_posted": "2023-12-07T10:42:25.600Z", "lang": "tr", "order": 25, "images": [], "categories": [3]}}, {"model": "content.product", "pk": 26, "fields": {"title": "Kekik", "slug": "kekik", "langslug": "", "pageinfo": "", "content": "", "shoplink": "", "image": null, "date_posted": "2023-12-07T10:43:16.139Z", "lang": "tr", "order": 26, "images": [], "categories": [4]}}, {"model": "content.product", "pk": 27, "fields": {"title": "Defne Yapragi", "slug": "defne-yapragi", "langslug": "", "pageinfo": "", "content": "", "shoplink": "", "image": null, "date_posted": "2023-12-07T10:43:24.207Z", "lang": "tr", "order": 27, "images": [], "categories": [4]}}, {"model": "content.product", "pk": 28, "fields": {"title": "Safran", "slug": "safran", "langslug": "", "pageinfo": "", "content": "", "shoplink": "", "image": null, "date_posted": "2023-12-07T10:43:33.750Z", "lang": "tr", "order": 28, "images": [], "categories": [4]}}, {"model": "content.product", "pk": 29, "fields": {"title": "Vanilya", "slug": "vanilya", "langslug": "", "pageinfo": "", "content": "", "shoplink": "", "image": null, "date_posted": "2023-12-07T10:43:42.177Z", "lang": "tr", "order": 29, "images": [], "categories": [4]}}, {"model": "content.product", "pk": 30, "fields": {"title": "Elma Sirkesi", "slug": "elma-sirkesi", "langslug": "", "pageinfo": "", "content": "", "shoplink": "", "image": null, "date_posted": "2023-12-07T10:44:14.698Z", "lang": "tr", "order": 30, "images": [], "categories": [5]}}, {"model": "content.product", "pk": 31, "fields": {"title": "Alic Sirkesi", "slug": "alic-sirkesi", "langslug": "", "pageinfo": "", "content": "", "shoplink": "", "image": null, "date_posted": "2023-12-07T10:44:23.579Z", "lang": "tr", "order": 31, "images": [], "categories": [5]}}, {"model": "content.product", "pk": 32, "fields": {"title": "Nar Eksisi", "slug": "nar-eksisi", "langslug": "", "pageinfo": "", "content": "", "shoplink": "", "image": null, "date_posted": "2023-12-07T10:44:32.294Z", "lang": "tr", "order": 32, "images": [], "categories": [5]}}, {"model": "content.product", "pk": 33, "fields": {"title": "Hurma Ozu", "slug": "hurma-ozu", "langslug": "", "pageinfo": "", "content": "", "shoplink": "", "image": null, "date_posted": "2023-12-07T10:44:43.795Z", "lang": "tr", "order": 33, "images": [], "categories": [5]}}, {"model": "content.product", "pk": 34, "fields": {"title": "Dut Ozu", "slug": "dut-ozu", "langslug": "", "pageinfo": "", "content": "", "shoplink": "", "image": null, "date_posted": "2023-12-07T10:44:54.850Z", "lang": "tr", "order": 34, "images": [], "categories": [5]}}, {"model": "content.product", "pk": 35, "fields": {"title": "Findik Ezmesi", "slug": "findik-ezmesi", "langslug": "", "pageinfo": "", "content": "", "shoplink": "", "image": null, "date_posted": "2023-12-07T10:46:32.076Z", "lang": "tr", "order": 35, "images": [], "categories": [6]}}, {"model": "content.product", "pk": 36, "fields": {"title": "Findik Ezmesi Kakao", "slug": "findik-ezmesi-kakao", "langslug": "", "pageinfo": "", "content": "", "shoplink": "", "image": null, "date_posted": "2023-12-07T10:46:40.642Z", "lang": "tr", "order": 36, "images": [], "categories": [6]}}, {"model": "content.product", "pk": 37, "fields": {"title": "Findik Ezmesi (Seker Pancari İlave)", "slug": "findik-ezmesi-seker-pancari-ilave", "langslug": "", "pageinfo": "", "content": "", "shoplink": "", "image": null, "date_posted": "2023-12-07T10:47:02.331Z", "lang": "tr", "order": 37, "images": [], "categories": [6]}}, {"model": "content.product", "pk": 38, "fields": {"title": "Antep Fistigi Ezmesi", "slug": "antep-fistigi-ezmesi", "langslug": "", "pageinfo": "", "content": "", "shoplink": "", "image": null, "date_posted": "2023-12-07T10:47:12.813Z", "lang": "tr", "order": 38, "images": [], "categories": [6]}}, {"model": "content.product", "pk": 39, "fields": {"title": "Findik cruncy", "slug": "findik-cruncy", "langslug": "", "pageinfo": "", "content": "", "shoplink": "", "image": null, "date_posted": "2023-12-07T10:47:45.036Z", "lang": "tr", "order": 39, "images": [], "categories": [7]}}, {"model": "content.product", "pk": 40, "fields": {"title": "Findik hindistan cevizi", "slug": "findik-hindistan-cevizi", "langslug": "", "pageinfo": "", "content": "", "shoplink": "", "image": null, "date_posted": "2023-12-07T10:47:56.232Z", "lang": "tr", "order": 40, "images": [], "categories": [7]}}, {"model": "content.product", "pk": 41, "fields": {"title": "Findik cacao", "slug": "findik-cacao", "langslug": "", "pageinfo": "", "content": "", "shoplink": "", "image": null, "date_posted": "2023-12-07T10:48:07.346Z", "lang": "tr", "order": 41, "images": [], "categories": [7]}}, {"model": "content.product", "pk": 42, "fields": {"title": "Siyah Zetyin", "slug": "siyah-zetyin", "langslug": "", "pageinfo": "", "content": "", "shoplink": "", "image": null, "date_posted": "2023-12-07T10:49:24.018Z", "lang": "tr", "order": 42, "images": [], "categories": [8]}}, {"model": "content.product", "pk": 43, "fields": {"title": "Yesil Zeytin", "slug": "yesil-zeytin", "langslug": "", "pageinfo": "", "content": "", "shoplink": "", "image": null, "date_posted": "2023-12-07T10:49:33.269Z", "lang": "tr", "order": 43, "images": [], "categories": [8]}}, {"model": "content.product", "pk": 44, "fields": {"title": "Pizza Black Olive", "slug": "pizza-black-olive", "langslug": "", "pageinfo": "", "content": "", "shoplink": "", "image": null, "date_posted": "2023-12-07T10:49:43.522Z", "lang": "tr", "order": 44, "images": [], "categories": [8]}}, {"model": "content.product", "pk": 45, "fields": {"title": "Pizza Green Olive", "slug": "pizza-green-olive", "langslug": "", "pageinfo": "", "content": "", "shoplink": "", "image": null, "date_posted": "2023-12-07T10:49:57.447Z", "lang": "tr", "order": 45, "images": [], "categories": [8]}}, {"model": "content.product", "pk": 46, "fields": {"title": "Biberli Zeytin", "slug": "biberli", "langslug": "", "pageinfo": "", "content": "", "shoplink": "", "image": null, "date_posted": "2023-12-07T10:50:12.943Z", "lang": "tr", "order": 46, "images": [], "categories": [8]}}, {"model": "content.product", "pk": 47, "fields": {"title": "Aci Biberli Zeytin", "slug": "aci-biberli-zeytin", "langslug": "", "pageinfo": "", "content": "", "shoplink": "", "image": null, "date_posted": "2023-12-07T10:50:22.914Z", "lang": "tr", "order": 47, "images": [], "categories": [8]}}, {"model": "content.product", "pk": 48, "fields": {"title": "Bademli Zeytin", "slug": "bademli-zeytin", "langslug": "", "pageinfo": "", "content": "", "shoplink": "", "image": null, "date_posted": "2023-12-07T10:51:07.960Z", "lang": "tr", "order": 48, "images": [], "categories": [8]}}, {"model": "content.product", "pk": 49, "fields": {"title": "Zeytinyagi", "slug": "zeytinyagi", "langslug": "", "pageinfo": "", "content": "", "shoplink": "", "image": null, "date_posted": "2023-12-07T10:51:27.435Z", "lang": "tr", "order": 49, "images": [], "categories": [9]}}, {"model": "content.product", "pk": 50, "fields": {"title": "Extra Virgin", "slug": "extra-virgin", "langslug": "", "pageinfo": "", "content": "", "shoplink": "", "image": null, "date_posted": "2023-12-07T10:51:43.526Z", "lang": "tr", "order": 50, "images": [], "categories": [9]}}, {"model": "content.product", "pk": 51, "fields": {"title": "Premium", "slug": "premium", "langslug": "", "pageinfo": "", "content": "", "shoplink": "", "image": null, "date_posted": "2023-12-07T10:51:51.984Z", "lang": "tr", "order": 51, "images": [], "categories": [9]}}, {"model": "content.product", "pk": 52, "fields": {"title": "Siyah Cay", "slug": "siyah-cay", "langslug": "", "pageinfo": "", "content": "", "shoplink": "", "image": null, "date_posted": "2023-12-07T10:52:05.791Z", "lang": "tr", "order": 52, "images": [], "categories": [10]}}, {"model": "content.product", "pk": 53, "fields": {"title": "Bitki Cayi", "slug": "bitki-cayi", "langslug": "", "pageinfo": "", "content": "", "shoplink": "", "image": null, "date_posted": "2023-12-07T10:52:18.893Z", "lang": "tr", "order": 53, "images": [], "categories": [10]}}, {"model": "content.product", "pk": 54, "fields": {"title": "Filtre Kahve", "slug": "filtre-kahve", "langslug": "", "pageinfo": "", "content": "", "shoplink": "", "image": null, "date_posted": "2023-12-07T10:52:30.409Z", "lang": "tr", "order": 54, "images": [], "categories": [11]}}, {"model": "content.product", "pk": 55, "fields": {"title": "Turk Kahvesi", "slug": "turk-kahvesi", "langslug": "", "pageinfo": "", "content": "", "shoplink": "", "image": null, "date_posted": "2023-12-07T10:52:40.469Z", "lang": "tr", "order": 55, "images": [], "categories": [11]}}, {"model": "content.product", "pk": 56, "fields": {"title": "Espresso", "slug": "espresso", "langslug": "", "pageinfo": "", "content": "", "shoplink": "", "image": null, "date_posted": "2023-12-07T10:52:50.286Z", "lang": "tr", "order": 56, "images": [], "categories": [11]}}, {"model": "content.page", "pk": 1, "fields": {"title": "Hakkımızda", "slug": "hakkimizda", "langslug": "", "pageinfo": "", "content": "<p><strong>MISYONUMUZ</strong></p>\r\n\r\n<p>Hedefimiz, yerel ureticilerin desteklendiği, kadin girisimciler ve emektarların &uuml;retimin de yer aldigi, doğaya, emege saygılı, s&uuml;rd&uuml;r&uuml;lebilir uretım tekniklerinin kullanıldığı, mumkunse organik, bio urunlerin &uuml;retilebildiği kendimizin g&ouml;n&uuml;l rahatlığı ile yiyebildiği ger&ccedil;ek ve az işlenmiş &uuml;r&uuml;nlere sizlerle buluşturmaktır.</p>\r\n\r\n<p>Toptan satış ile baslayan sirketimiz, toptan satışlarının yanında perakende satış ile de &uuml;reticiden t&uuml;keticiye &uuml;r&uuml;n tedarik etmek amacıyla da &ccedil;alışmaktadır. &nbsp;</p>\r\n\r\n<p>Urun yelpazemiz i&ccedil;erisinde naturel, yerel, vegan, vegetarian, organik, bio da dahil olmak uzere genis kapsamli bircok farkli kategoride urun bulunmaktadır.</p>\r\n\r\n<p>Kimi &uuml;r&uuml;nlerimiz mantar, kuzu g&ouml;beği mantarı, boletus, chanterel gibi ormanlarda doğal ortamlarına yetişmektedir. &Uuml;retim yapılmadan natual ve vahşi doğadan gelmektedir. Daha sonra kurutularak sofranıza ulaştırılmak &uuml;zere tarafımızca sizlere g&ouml;nderimi yapılmaktadır.</p>\r\n\r\n<p>Yada fındık, D&uuml;nyada yetişen fındığın %70 T&uuml;rkiye&rsquo;de Karadeniz b&ouml;lgesinde yetişmektedir. Bu b&ouml;lgede kendiliğinden iklim ve nem oranıyla bağlantılı olarak b&ouml;lge de, doğal bitki &ouml;rt&uuml;s&uuml; olacak şekilde fındık yetişmektedir. &Ouml;yle ki herkesin bah&ccedil;esinde kendiliğinden bir&ccedil;ok fındık ağacı bulunmaktadır. Karadeniz b&ouml;lgesi fındık bah&ccedil;eleri verimliliği, kalitesi, lezzet oranı ve bah&ccedil;elerde kendiliğinden ortaya &ccedil;ıkan bu harika fındık ağa&ccedil;larından elde edilen leziz fındık ve &ccedil;eşitli fındık ezmelerini sizlerle buluşturmaktan gurur duyuyoruz.</p>\r\n\r\n<p>Ya da Ege&rsquo;nin Akdeniz&rsquo;in, g&uuml;zel coğrafyasının bize sunduğu en değerli m&uuml;cevher olan zeytinyağı, kadim bir gelenek, lezzeti ve kullanımı sonsuz mutluluk veren &ouml;l&uuml;ms&uuml;z bir değer.</p>\r\n\r\n<p>Doğu Karadeniz&rsquo;in yine y&uuml;ksek dağlarında kendi doğal bitki &ouml;rt&uuml;s&uuml; ile yetişen &ccedil;ay. &Ccedil;ay bah&ccedil;elerinden &ouml;zenle toplanan, doğallığını, orada yaşayan halkın doğal olarak yetiştirip sofranıza sunulmak &uuml;zere hazırladığı, doğal, bio, organic T&uuml;rk &Ccedil;ayını sizlerle buluşturmaktan &ccedil;ok keyif alıyoruz. &nbsp;&nbsp;</p>\r\n\r\n<p><strong>VIZYONUMUZ</strong></p>\r\n\r\n<p>Doga aslinda bize her seyi temiz sunuyor yeterki bizler temiz yetistirelim. Bu sebeple biz masamizda ne bulunduruyorsak onlari sevdiklerimiz, dostlarimiz ve bizden &uuml;r&uuml;n satın almak isteyen ekibimizin bir par&ccedil;ası olmak isteyen herkesle paylasmaktan mutluluk duyuyoruz. Bu sayede işimizi en doğru ve g&uuml;venilir şekilde yapabileceğimizi biliyoruz.&nbsp;</p>\r\n\r\n<p><em>Doğasından, doğru mevsimde gelen ger&ccedil;ek, temiz, dogal ve yerel tadlar&hellip;</em></p>\r\n\r\n<p>Sizlere ulaştıracağımız &uuml;runlerimizi secerken cok ozen gosteriyor, &uuml;r&uuml;n &ccedil;eşitlerimizi sadece kendi coğrafyasinda yetisen dogal urunlerden, mevsiminde tedarik ediyoruz. &Uuml;r&uuml;nlerin katkısız, koruyucusuz, tedarik edebildigimiz surece organik-bio, vejetariyen ve mumkunse ekstra şeker ilavesiz bir şekilde t&uuml;keticilerimize sunmayi hedefliyoruz.</p>\r\n\r\n<p>Pazarimiz Isvicre ve urunlerimiz ise yuksek standartta iyi uretilmis gidalar. Bu temiz ve dogaya saygili urunleri tuketicilerle bulusturmak i&ccedil;inde gerekli her turlu arastirmayi ziyareti yapiyor dogru kaliteli urun arayisindan sizler icin asla vazgecmiyoruz.</p>\r\n\r\n<p>&nbsp;</p>\r\n\r\n<p><strong>DEĞERLERİMİZ</strong></p>\r\n\r\n<p>● <strong>&Ccedil;evre Hassasiyeti</strong></p>\r\n\r\n<p>Lezzetli, temiz ve dogaya duyarli urunlerin uretiminden sizin sofralariniza ulaşmasina kadar gecen surede dogaya zarar vermeden ve dogal olarak yetismis urunleri sizlerle bulusturmak icin elimizden geleni yapiyoruz.</p>\r\n\r\n<p>● <strong>Temiz, Naturel Urunler</strong></p>\r\n\r\n<p>Citrus Trading olarak olarak naturel, temiz i&ccedil;erikli ve lezzetli t&uuml;ketim bizlerin onceligi sofralarimizda sundugumuz ve tukettigimiz urunleri ailemiz ve sevdiklerimizle paylastigimiz gibi bizim gibi dusunen tuketicilere de ulastirabildigimiz zaman mutlu oluyoruz ve bunu onemsiyoruz. B&ouml;ylece siz t&uuml;keticilerimizin de g&ouml;n&uuml;l rahatlığıyla t&uuml;ketebileceği &uuml;r&uuml;nleri sizlerle bulusturmaktan mutluluk duyuyoruz.</p>\r\n\r\n<p>● <strong>Yaklasimimiz</strong></p>\r\n\r\n<p>Daha zinde, enerjik olmak ve daha iyi hissetmek icin naturel urunler tuketiniz. Iyi bir yaşam kalitesi iyi ve temiz urunlerden ge&ccedil;er. Bu durum da herkesi mutlu ve huzurlu hisseder. Kendi cocuklarimiza yedirebildigimiz herseyi sizlerle paylasmaktan cekinmiyoruz. Bu da bizleri ve sizleri mutlu ediyor.</p>\r\n\r\n<p>●&nbsp; <strong>Şeffaflık</strong></p>\r\n\r\n<p>Gıda sekt&ouml;r&uuml;ndeki en buyuk kaygi urunlerin nereden tedarik edildigi ve icerik bilgisidir. Bunun temel argumani da guvenin saglanmasidir. Bu acidan urun, tedarik ve sofraya gelis sirasindaki detaylar konusunda seffafiz. Gerek etiketlerimiz gerek web sayfalarimizdaki bilgilendirmeler gerekse bize her zaman ulasarak bilgi talep edebilmeniz adina tum iletisim bilgilerimiz ile hizmetinizdeyiz. &nbsp;T&uuml;m ambalajlarımızın &uuml;zerinde, &uuml;r&uuml;nlerimizin nereden tedarik edildiğ ve i&ccedil;erikleri net bir şekilde bulunmaktadır. &Uuml;r&uuml;nlerimiz t&uuml;m testleri ve setifikaları ile tarafımıza ulaştırılmakta olup, &uuml;r&uuml;nlerin laboratuvar testleri de d&uuml;zenli olarak yapılmaktadır.</p>\r\n\r\n<p>Organik &ndash; Bio urunlerin daha cok sistemimize girmesi icin gereken tum cabayi gostermeteyiz.</p>\r\n\r\n<p>Daha yasanilabilir bir doga ve temiz tuketim icin el ele.&nbsp;</p>", "image": 1, "lang": "tr", "order": 1, "images": [2]}}, {"model": "content.homepage", "pk": 1, "fields": {"title": "Hoşgeldiniz", "pageinfo": "CITRUS, soframdaki sofranda …", "content": "<p>Bir cok tuketicinin en cok arzuladıgı seyleren bırısı, lezız, temiz ve guvenilir gidaya ulasmaktır.</p>\r\n\r\n<p>G&uuml;n&uuml;m&uuml;zde her sey end&uuml;strileşti, g&uuml;venilir gidaya ulasmak zorlasti.</p>\r\n\r\n<p>Bircok yerel uretici saglikla urettikleri gidalari son kullaniciya ulastimak icin bir cok calisma yapmaktadir. Biz de bu yolda ureticiden tuketiciye urunleri ulastimak icin bir cok ureticiden direct alim yaparak sizlere ulastimak amacindayiz.</p>\r\n\r\n<p>2022 yilinda baslayan yolculugumuzda sizlerle buyuerek yol alacagimiza inaniyoruz.</p>", "lang": "tr", "images": [1, 2], "products": []}}]